PLAYER_NAME,TEAM_ABBREVIATION,PLAYER_POSITION,NBA_FANTASY_PTS,GP,FG3M,FGM,FGA,FTM,FTA,PTS,REB,AST,TOV,STL,BLK,FG3_PCT,FT_PCT,FG_PCT,SEASON
Nikola Jokić,DEN,Center,3939.5,72,92,732,1293,342,394,1898,780,599,222,95,48,0.388,0.868,0.566,2020-21
Russell Westbrook,WAS,Guard,3513.5,65,86,544,1238,271,413,1445,750,763,312,89,23,0.315,0.656,0.439,2020-21
Luka Dončić,DAL,Forward-Guard,3331.9,66,192,647,1351,344,471,1830,527,567,281,64,36,0.35,0.73,0.479,2020-21
Giannis Antetokounmpo,MIL,Forward,3285.7,61,67,626,1100,398,581,1717,671,357,207,72,73,0.303,0.685,0.569,2020-21
Nikola Vučević,CHI,Center,3235.9,70,176,666,1396,131,156,1639,817,269,126,65,48,0.4,0.84,0.477,2020-21
Julius Randle,NYK,Forward-Center,3226.3,71,160,602,1321,348,429,1712,724,427,241,64,18,0.411,0.811,0.456,2020-21
Damian Lillard,POR,Guard,3059.1,67,275,602,1334,449,484,1928,283,505,203,62,17,0.391,0.928,0.451,2020-21
Stephen Curry,GSW,Guard,3015.5,63,337,658,1365,362,395,2015,345,363,213,77,8,0.421,0.916,0.482,2020-21
Domantas Sabonis,IND,Forward-Center,2886.9,62,52,484,904,240,328,1260,742,415,213,76,33,0.321,0.732,0.535,2020-21
Rudy Gobert,UTA,Center,2872.5,71,0,391,579,233,374,1015,960,89,118,40,190,0.0,0.623,0.675,2020-21
Jayson Tatum,BOS,Forward-Guard,2819.4,64,187,605,1318,295,340,1692,472,276,171,75,31,0.386,0.868,0.459,2020-21
Trae Young,ATL,Guard,2713.0,63,136,487,1112,484,546,1594,245,594,261,53,12,0.343,0.886,0.438,2020-21
Bradley Beal,WAS,Guard,2701.1,60,130,670,1382,408,459,1878,283,265,187,69,22,0.349,0.889,0.485,2020-21
Bam Adebayo,MIA,Center-Forward,2657.6,64,2,456,800,283,354,1197,573,346,169,75,66,0.25,0.799,0.57,2020-21
Chris Paul,PHX,Guard,2654.4,70,102,439,879,169,181,1149,312,622,156,99,19,0.395,0.934,0.499,2020-21
Zion Williamson,NOP,Forward,2636.2,61,10,634,1037,369,529,1647,441,226,167,57,39,0.294,0.698,0.611,2020-21
Clint Capela,ATL,Center,2559.1,63,0,413,695,130,227,956,903,49,73,44,129,0.0,0.573,0.594,2020-21
Joel Embiid,PHI,Center-Forward,2513.3,51,58,461,899,471,548,1451,539,145,159,50,69,0.377,0.859,0.513,2020-21
Khris Middleton,MIL,Forward,2498.2,68,151,511,1074,212,236,1385,406,370,178,74,9,0.414,0.898,0.476,2020-21
De'Aaron Fox,SAC,Guard,2498.1,58,103,529,1110,300,417,1461,203,417,174,87,27,0.322,0.719,0.477,2020-21
Devin Booker,PHX,Guard,2482.7,67,126,623,1287,340,392,1712,281,289,207,53,16,0.34,0.867,0.484,2020-21
Kyrie Irving,BKN,Guard,2454.4,54,152,549,1086,201,218,1451,257,324,130,76,37,0.402,0.922,0.506,2020-21
Terry Rozier,CHA,Guard,2419.9,69,222,510,1134,165,202,1407,302,293,128,87,26,0.389,0.817,0.45,2020-21
Zach LaVine,CHI,Guard,2376.8,58,200,569,1123,253,298,1591,289,282,203,46,27,0.419,0.849,0.507,2020-21
Dejounte Murray,SAS,Guard,2370.1,67,63,441,974,106,134,1051,473,363,117,101,7,0.317,0.791,0.453,2020-21
Jimmy Butler III,MIA,Forward,2369.3,52,25,366,736,359,416,1116,359,369,109,108,18,0.245,0.863,0.497,2020-21
DeMar DeRozan,SAS,Guard-Forward,2353.8,61,19,455,920,387,440,1316,259,422,119,56,15,0.257,0.88,0.495,2020-21
Karl-Anthony Towns,MIN,Center-Forward,2339.3,50,122,425,875,267,311,1239,529,225,160,39,57,0.387,0.859,0.486,2020-21
Jonas Valančiūnas,MEM,Center,2333.2,62,21,440,743,157,203,1058,776,112,100,35,57,0.368,0.773,0.592,2020-21
Brandon Ingram,NOP,Forward,2332.8,61,143,513,1101,281,320,1450,299,296,154,42,36,0.381,0.878,0.466,2020-21
Anthony Edwards,MIN,Guard,2305.7,72,171,505,1211,211,272,1392,336,211,160,82,36,0.329,0.776,0.417,2020-21
Kawhi Leonard,LAC,Forward,2300.9,52,101,465,908,261,295,1292,337,269,105,81,21,0.398,0.885,0.512,2020-21
James Harden,BKN,Guard,2294.1,44,121,342,734,278,323,1083,348,475,177,53,33,0.362,0.861,0.466,2020-21
Jaylen Brown,BOS,Guard-Forward,2292.9,58,163,538,1111,191,250,1430,347,195,158,72,32,0.397,0.764,0.484,2020-21
Deandre Ayton,PHX,Center,2280.9,69,4,430,687,133,173,997,727,99,103,41,81,0.2,0.769,0.626,2020-21
Andrew Wiggins,GSW,Forward,2271.9,71,140,505,1058,170,238,1320,347,167,126,67,70,0.38,0.714,0.477,2020-21
Tobias Harris,PHI,Forward,2253.8,62,82,473,924,182,204,1210,419,220,107,55,51,0.394,0.892,0.512,2020-21
Pascal Siakam,TOR,Forward,2230.0,56,73,437,961,249,301,1196,405,250,130,64,37,0.297,0.827,0.455,2020-21
Ja Morant,MEM,Guard,2210.9,63,73,430,957,271,372,1204,252,465,203,57,13,0.303,0.728,0.449,2020-21
Paul George,LAC,Forward,2188.8,54,171,445,953,198,228,1259,359,280,179,62,24,0.411,0.868,0.467,2020-21
Jrue Holiday,MIL,Guard,2175.1,59,111,414,823,107,136,1046,268,357,127,96,37,0.392,0.787,0.503,2020-21
RJ Barrett,NYK,Forward-Guard,2166.3,72,124,467,1060,206,276,1264,414,217,139,53,20,0.401,0.746,0.441,2020-21
Donovan Mitchell,UTA,Guard,2152.5,53,178,478,1091,267,316,1401,235,277,147,52,15,0.386,0.845,0.438,2020-21
Ben Simmons,PHI,Guard-Forward,2141.9,58,3,325,583,176,287,829,417,401,173,93,35,0.3,0.613,0.557,2020-21
Collin Sexton,CLE,Guard,2126.4,60,98,525,1105,312,383,1460,187,262,167,62,10,0.371,0.815,0.475,2020-21
LeBron James,LAL,Forward,2117.2,45,104,422,823,178,255,1126,346,350,168,48,25,0.365,0.698,0.513,2020-21
Buddy Hield,SAC,Guard,2111.3,71,282,403,992,88,104,1176,334,257,130,63,30,0.391,0.846,0.406,2020-21
Malcolm Brogdon,IND,Guard,2109.3,56,145,444,980,153,177,1186,294,329,115,49,15,0.388,0.864,0.453,2020-21
Draymond Green,GSW,Forward,2101.6,63,34,170,380,70,88,444,448,558,188,105,52,0.27,0.795,0.447,2020-21
Kelly Olynyk,HOU,Forward-Center,2073.3,70,126,337,697,145,175,945,489,203,126,79,42,0.342,0.829,0.484,2020-21
Nikola Jokić,DEN,Center,4337.8,74,97,764,1311,379,468,2004,1019,584,281,109,63,0.337,0.81,0.583,2021-22
Giannis Antetokounmpo,MIL,Forward,3787.6,67,71,689,1245,553,766,2002,778,388,219,72,91,0.293,0.722,0.553,2021-22
Joel Embiid,PHI,Center-Forward,3774.2,68,93,666,1334,654,803,2079,796,284,214,77,99,0.371,0.814,0.499,2021-22
Trae Young,ATL,Guard,3535.3,76,233,711,1544,500,553,2155,284,737,303,72,7,0.382,0.904,0.46,2021-22
Luka Dončić,DAL,Forward-Guard,3451.6,65,201,641,1403,364,489,1847,593,568,292,75,36,0.353,0.744,0.457,2021-22
Jayson Tatum,BOS,Forward-Guard,3432.8,76,230,708,1564,400,469,2046,609,334,217,75,49,0.353,0.853,0.453,2021-22
Dejounte Murray,SAS,Guard,3357.1,68,96,573,1241,196,247,1438,563,627,180,138,23,0.327,0.794,0.462,2021-22
Karl-Anthony Towns,MIN,Center-Forward,3332.9,74,150,642,1214,384,467,1818,727,269,226,72,83,0.41,0.822,0.529,2021-22
DeMar DeRozan,CHI,Guard-Forward,3244.4,76,50,774,1535,520,593,2118,392,374,181,68,24,0.352,0.877,0.504,2021-22
LaMelo Ball,CHA,Guard,3167.7,75,220,538,1254,212,243,1508,501,571,245,119,30,0.389,0.872,0.429,2021-22
James Harden,PHI,Guard,3102.5,65,148,407,992,470,536,1432,500,667,284,82,36,0.33,0.877,0.41,2021-22
Miles Bridges,CHA,Forward,3006.8,80,154,596,1214,267,333,1613,559,300,150,74,67,0.331,0.802,0.491,2021-22
Pascal Siakam,TOR,Forward,2987.0,68,75,596,1207,284,379,1551,580,360,181,85,42,0.344,0.749,0.494,2021-22
LeBron James,LAL,Forward,2969.3,56,161,640,1221,254,336,1695,459,349,196,73,59,0.359,0.756,0.524,2021-22
Russell Westbrook,LAL,Guard,2952.0,78,79,548,1233,266,399,1441,580,550,295,75,20,0.298,0.667,0.444,2021-22
Nikola Vučević,CHI,Center,2893.8,73,104,546,1154,92,121,1288,804,236,136,70,71,0.314,0.76,0.473,2021-22
Julius Randle,NYK,Forward-Center,2892.2,72,120,512,1246,303,401,1447,716,370,245,53,39,0.308,0.756,0.411,2021-22
Devin Booker,PHX,Guard,2872.9,68,183,662,1421,315,363,1822,342,329,162,77,26,0.383,0.868,0.466,2021-22
Tyrese Haliburton,IND,Guard,2846.2,77,161,430,909,160,190,1181,311,628,199,134,49,0.414,0.842,0.473,2021-22
Kevin Durant,BKN,Forward,2766.9,55,115,578,1115,372,409,1643,407,351,191,48,52,0.383,0.91,0.518,2021-22
Stephen Curry,GSW,Guard,2756.0,64,285,535,1224,275,298,1630,335,404,206,85,23,0.38,0.923,0.437,2021-22
Donovan Mitchell,UTA,Guard,2741.4,67,232,617,1376,267,313,1733,282,358,200,99,12,0.355,0.853,0.448,2021-22
Jonas Valančiūnas,NOP,Center,2734.6,74,57,510,938,237,289,1314,843,190,179,41,60,0.361,0.82,0.544,2021-22
Rudy Gobert,UTA,Center,2723.6,66,0,362,508,303,439,1027,968,72,119,45,137,0.0,0.69,0.713,2021-22
Darius Garland,CLE,Guard,2656.3,68,174,542,1173,215,241,1473,224,583,248,89,7,0.383,0.892,0.462,2021-22
Domantas Sabonis,SAC,Forward-Center,2620.9,62,39,443,773,246,332,1171,752,323,195,59,27,0.312,0.741,0.573,2021-22
Chris Paul,PHX,Guard,2620.6,65,63,363,736,169,202,958,283,702,153,121,20,0.317,0.837,0.493,2021-22
Anthony Edwards,MIN,Guard,2620.1,72,215,549,1245,220,280,1533,343,275,190,105,46,0.357,0.786,0.441,2021-22
Ja Morant,MEM,Guard,2598.0,57,88,580,1177,316,415,1564,325,384,196,66,22,0.344,0.761,0.493,2021-22
Fred VanVleet,TOR,Guard,2585.8,65,242,442,1097,194,222,1320,289,434,170,111,35,0.377,0.874,0.403,2021-22
Jaren Jackson Jr.,MEM,Forward-Center,2565.8,78,128,430,1036,284,345,1272,454,86,130,73,177,0.319,0.823,0.415,2021-22
Terry Rozier,CHA,Guard,2533.0,73,222,518,1167,150,176,1408,315,326,96,93,25,0.374,0.852,0.444,2021-22
Christian Wood,HOU,Forward,2504.7,68,131,440,878,207,332,1218,686,155,126,54,65,0.39,0.623,0.501,2021-22
Jrue Holiday,MIL,Guard,2499.7,67,132,478,954,137,180,1225,301,457,183,108,29,0.411,0.761,0.501,2021-22
Zach LaVine,CHI,Guard,2480.1,67,185,565,1186,320,375,1635,308,303,171,41,23,0.389,0.853,0.476,2021-22
Jaylen Brown,BOS,Guard-Forward,2476.3,66,166,576,1217,241,318,1559,404,231,178,70,18,0.358,0.758,0.473,2021-22
Scottie Barnes,TOR,Forward-Guard,2455.4,74,58,459,932,158,215,1134,557,256,136,80,55,0.301,0.735,0.492,2021-22
Clint Capela,ATL,Center,2410.4,74,0,370,604,80,169,820,877,92,44,55,93,0.0,0.473,0.613,2021-22
Shai Gilgeous-Alexander,OKC,Guard,2398.1,56,89,477,1052,328,405,1371,278,331,154,71,46,0.3,0.81,0.453,2021-22
Tobias Harris,PHI,Forward,2384.2,73,101,493,1022,170,202,1257,496,252,116,47,43,0.367,0.842,0.482,2021-22
Khris Middleton,MIL,Forward,2381.2,66,162,452,1021,259,291,1325,356,358,190,76,18,0.373,0.89,0.443,2021-22
Saddiq Bey,DET,Guard-Forward,2370.7,82,211,450,1136,210,254,1321,441,233,96,73,16,0.346,0.827,0.396,2021-22
Evan Mobley,CLE,Center,2359.0,69,23,422,830,167,252,1034,570,174,133,56,115,0.25,0.663,0.508,2021-22
Desmond Bane,MEM,Guard,2348.8,76,228,508,1101,140,155,1384,334,208,111,92,29,0.436,0.903,0.461,2021-22
Jakob Poeltl,SAS,Center,2339.3,68,1,410,663,94,190,915,634,189,109,45,118,1.0,0.495,0.618,2021-22
Jimmy Butler III,MIA,Forward,2332.2,57,27,398,829,396,455,1219,336,312,121,94,27,0.233,0.87,0.48,2021-22
CJ McCollum,NOP,Guard,2314.3,62,182,536,1164,116,170,1370,269,315,127,70,22,0.388,0.682,0.46,2021-22
Jalen Brunson,DAL,Guard,2304.3,79,94,506,1008,179,213,1285,309,377,124,66,3,0.373,0.84,0.502,2021-22
Kyle Kuzma,WAS,Forward,2280.7,66,128,423,936,156,219,1130,561,233,169,42,57,0.341,0.712,0.452,2021-22
Bam Adebayo,MIA,Center-Forward,2253.8,56,0,406,729,256,340,1068,564,190,148,80,44,0.0,0.753,0.557,2021-22
Nikola Jokić,DEN,Center,3842.4,69,57,646,1022,341,415,1690,817,678,247,87,47,0.383,0.822,0.632,2022-23
Luka Dončić,DAL,Forward-Guard,3747.3,66,185,719,1449,515,694,2138,569,529,236,90,33,0.342,0.742,0.496,2022-23
Joel Embiid,PHI,Center-Forward,3706.0,66,66,728,1328,661,771,2183,670,274,226,66,112,0.33,0.857,0.548,2022-23
Jayson Tatum,BOS,Forward-Guard,3690.8,74,240,727,1559,531,622,2225,649,342,213,78,51,0.35,0.854,0.466,2022-23
Domantas Sabonis,SAC,Forward-Center,3619.1,79,31,577,938,325,438,1510,973,573,230,65,39,0.373,0.742,0.615,2022-23
Giannis Antetokounmpo,MIL,Forward,3450.9,63,47,707,1278,498,772,1959,742,359,246,52,51,0.275,0.645,0.553,2022-23
Shai Gilgeous-Alexander,OKC,Guard,3425.3,68,58,704,1381,669,739,2135,329,371,192,112,65,0.345,0.905,0.51,2022-23
Julius Randle,NYK,Forward-Center,3324.4,77,218,658,1432,402,531,1936,767,316,216,49,21,0.343,0.757,0.459,2022-23
Anthony Edwards,MIN,Guard,3310.6,79,213,707,1541,319,422,1946,458,350,259,125,58,0.369,0.756,0.459,2022-23
Trae Young,ATL,Guard,3252.9,73,154,597,1390,566,639,1914,217,741,300,80,9,0.335,0.886,0.429,2022-23
Pascal Siakam,TOR,Forward,3143.7,71,93,630,1313,367,474,1720,556,415,169,65,36,0.324,0.774,0.48,2022-23
Nikola Vučević,CHI,Center,3140.1,82,121,597,1148,132,158,1447,903,265,139,60,57,0.349,0.835,0.52,2022-23
De'Aaron Fox,SAC,Guard,3000.7,73,119,682,1331,343,440,1826,306,447,181,83,23,0.324,0.78,0.512,2022-23
DeMar DeRozan,CHI,Guard-Forward,2997.1,74,46,657,1303,456,523,1816,343,377,153,83,36,0.324,0.872,0.504,2022-23
Bam Adebayo,MIA,Center-Forward,2974.6,75,1,602,1114,324,402,1529,688,240,187,88,61,0.083,0.806,0.54,2022-23
Donovan Mitchell,CLE,Guard,2918.3,68,245,679,1402,319,368,1922,289,301,180,99,27,0.386,0.867,0.484,2022-23
Anthony Davis,LAL,Forward-Center,2912.4,56,19,542,962,348,444,1451,702,148,122,59,114,0.257,0.784,0.563,2022-23
Dejounte Murray,ATL,Guard,2886.8,74,133,612,1319,158,190,1515,389,448,160,112,19,0.344,0.832,0.464,2022-23
Zach LaVine,CHI,Guard,2884.5,77,204,673,1388,363,428,1913,345,327,194,69,18,0.375,0.848,0.485,2022-23
Evan Mobley,CLE,Center,2857.2,79,22,525,947,205,304,1277,711,224,146,60,119,0.216,0.674,0.554,2022-23
Damian Lillard,POR,Guard,2848.9,58,244,556,1202,510,558,1866,277,425,191,50,18,0.371,0.914,0.463,2022-23
Mikal Bridges,BKN,Guard-Forward,2846.3,83,169,593,1267,316,353,1671,364,273,127,91,61,0.382,0.895,0.468,2022-23
Ja Morant,MEM,Guard,2803.9,61,92,566,1214,372,497,1596,357,493,206,66,16,0.307,0.748,0.466,2022-23
Jaylen Brown,BOS,Guard-Forward,2788.8,67,163,679,1383,263,344,1784,459,232,197,75,26,0.335,0.765,0.491,2022-23
LeBron James,LAL,Forward,2768.9,55,121,609,1219,251,327,1590,457,375,178,50,32,0.321,0.768,0.5,2022-23
Kristaps Porziņģis,WAS,Forward-Center,2758.2,65,137,507,1018,354,416,1505,546,174,137,58,100,0.385,0.851,0.498,2022-23
Fred VanVleet,TOR,Guard,2756.5,69,207,437,1112,254,283,1335,280,495,140,123,38,0.342,0.898,0.393,2022-23
CJ McCollum,NOP,Guard,2746.1,75,211,587,1344,183,238,1568,328,429,183,70,38,0.389,0.769,0.437,2022-23
Jimmy Butler III,MIA,Forward,2739.0,64,36,479,888,472,555,1466,375,340,101,117,21,0.35,0.85,0.539,2022-23
Josh Giddey,OKC,Guard,2735.3,76,76,539,1118,106,145,1260,599,469,211,57,31,0.325,0.731,0.482,2022-23
Kyrie Irving,DAL,Guard,2689.3,60,188,594,1203,247,273,1623,304,331,128,66,45,0.379,0.905,0.494,2022-23
Nic Claxton,BKN,Center,2685.4,76,0,414,587,133,246,961,702,144,96,65,189,0.0,0.541,0.705,2022-23
James Harden,PHI,Guard,2678.8,58,161,371,842,313,361,1216,354,618,195,71,31,0.385,0.867,0.441,2022-23
Lauri Markkanen,UTA,Forward-Center,2672.5,66,200,571,1145,349,399,1691,570,123,127,42,38,0.391,0.875,0.499,2022-23
Jalen Brunson,NYK,Guard,2639.7,68,134,587,1195,325,392,1633,241,421,142,61,15,0.416,0.829,0.491,2022-23
Scottie Barnes,TOR,Forward-Guard,2627.9,77,63,463,1016,190,246,1179,512,371,154,83,61,0.281,0.772,0.456,2022-23
Stephen Curry,GSW,Guard,2622.2,56,273,559,1133,257,281,1648,341,352,179,52,20,0.427,0.915,0.493,2022-23
Darius Garland,CLE,Guard,2602.0,69,169,522,1129,277,321,1490,185,538,199,85,9,0.41,0.863,0.462,2022-23
Brook Lopez,MIL,Center,2594.5,78,136,477,899,149,190,1239,520,99,107,37,193,0.374,0.784,0.531,2022-23
Spencer Dinwiddie,BKN,Guard,2593.5,79,181,460,1050,268,330,1369,270,515,145,67,24,0.369,0.812,0.438,2022-23
Alperen Sengun,HOU,Center,2586.1,75,19,442,799,206,288,1109,678,291,193,70,70,0.333,0.715,0.553,2022-23
Russell Westbrook,LAC,Guard,2565.1,73,89,432,991,206,314,1159,423,551,255,76,33,0.311,0.656,0.436,2022-23
Jrue Holiday,MIL,Guard,2556.7,67,158,490,1023,152,177,1290,341,495,197,79,25,0.384,0.859,0.479,2022-23
Paolo Banchero,ORL,Forward,2533.9,72,85,479,1122,394,534,1437,497,269,200,60,39,0.298,0.738,0.427,2022-23
Jordan Poole,GSW,Guard,2498.5,82,214,550,1278,361,415,1675,225,369,252,63,21,0.336,0.87,0.43,2022-23
Tyrese Haliburton,IND,Guard,2490.5,56,161,412,841,175,201,1160,205,585,141,91,25,0.4,0.871,0.49,2022-23
Jalen Green,HOU,Guard,2476.3,76,187,566,1359,364,463,1683,284,281,200,59,18,0.338,0.786,0.416,2022-23
Jaren Jackson Jr.,MEM,Forward-Center,2429.2,63,100,416,822,241,306,1173,426,60,107,65,189,0.355,0.788,0.506,2022-23
Franz Wagner,ORL,Forward,2419.3,80,130,542,1118,271,322,1485,329,283,167,77,17,0.361,0.842,0.485,2022-23
Rudy Gobert,MIN,Center,2377.3,70,0,360,546,219,340,939,814,87,122,56,95,0.0,0.644,0.659,2022-23
Nikola Jokić,DEN,Center,4609.2,79,83,822,1411,358,438,2085,976,708,237,108,68,0.359,0.817,0.583,2023-24
Luka Dončić,DAL,Forward-Guard,4304.4,70,284,804,1652,478,608,2370,647,686,282,99,38,0.382,0.786,0.487,2023-24
Giannis Antetokounmpo,MIL,Forward,4193.2,73,34,837,1369,514,782,2222,841,476,250,87,79,0.274,0.657,0.611,2023-24
Anthony Davis,LAL,Forward-Center,4076.2,76,29,713,1283,421,516,1876,961,266,159,91,178,0.271,0.816,0.556,2023-24
Domantas Sabonis,SAC,Forward-Center,4040.5,82,33,634,1068,292,415,1593,1120,673,272,74,48,0.379,0.704,0.594,2023-24
Shai Gilgeous-Alexander,OKC,Guard,3938.5,75,95,796,1487,567,649,2254,415,465,162,150,67,0.353,0.874,0.535,2023-24
Victor Wembanyama,SAS,Forward-Center,3605.0,71,128,551,1186,292,367,1522,755,274,260,88,254,0.325,0.796,0.465,2023-24
LeBron James,LAL,Forward,3463.1,71,149,685,1269,303,404,1822,518,589,245,89,38,0.41,0.75,0.54,2023-24
Kevin Durant,PHX,Forward,3429.0,75,168,751,1436,362,423,2032,495,378,244,69,91,0.413,0.856,0.523,2023-24
Jayson Tatum,BOS,Forward-Guard,3420.2,74,229,672,1426,414,497,1987,601,364,188,75,43,0.376,0.833,0.471,2023-24
Jalen Brunson,NYK,Guard,3387.1,77,211,790,1648,421,497,2212,278,519,186,70,13,0.401,0.847,0.479,2023-24
Anthony Edwards,MIN,Guard,3360.5,79,190,718,1558,423,506,2049,430,405,241,101,42,0.357,0.836,0.461,2023-24
De'Aaron Fox,SAC,Guard,3350.0,74,214,720,1549,312,423,1966,340,418,194,150,31,0.369,0.738,0.465,2023-24
Paolo Banchero,ORL,Forward,3222.3,80,119,640,1407,405,559,1804,554,431,247,71,47,0.339,0.725,0.455,2023-24
Dejounte Murray,ATL,Guard,3209.2,78,201,672,1463,208,262,1753,416,502,201,111,24,0.363,0.794,0.459,2023-24
DeMar DeRozan,CHI,Guard-Forward,3206.5,79,75,650,1355,522,612,1897,340,421,135,90,45,0.333,0.853,0.48,2023-24
Tyrese Haliburton,IND,Guard,3076.2,69,195,500,1048,194,227,1389,271,752,159,83,48,0.364,0.855,0.477,2023-24
Pascal Siakam,IND,Forward,3051.0,80,85,681,1271,290,396,1737,565,342,141,63,25,0.346,0.732,0.536,2023-24
Chet Holmgren,OKC,Center-Forward,3032.6,82,129,505,953,218,275,1357,648,200,131,53,190,0.37,0.793,0.53,2023-24
Devin Booker,PHX,Guard,3007.6,68,152,642,1305,405,457,1841,308,472,178,61,28,0.364,0.886,0.492,2023-24
Damian Lillard,MIL,Guard,2998.0,73,220,541,1277,473,514,1775,320,508,193,72,18,0.354,0.92,0.424,2023-24
Tyrese Maxey,PHI,Guard,2965.1,70,212,638,1419,328,378,1816,258,433,116,69,33,0.373,0.868,0.45,2023-24
Stephen Curry,GSW,Guard,2956.5,74,357,650,1445,299,324,1956,330,379,210,54,28,0.408,0.923,0.45,2023-24
Bam Adebayo,MIA,Center-Forward,2947.4,71,15,530,1017,292,387,1367,737,278,162,81,66,0.357,0.755,0.521,2023-24
Nikola Vučević,CHI,Center,2922.2,76,92,586,1211,106,129,1370,801,254,120,50,60,0.294,0.822,0.484,2023-24
Rudy Gobert,MIN,Center,2916.4,76,0,406,614,249,390,1061,982,102,118,52,162,0.0,0.638,0.661,2023-24
Kawhi Leonard,LAC,Forward,2869.2,68,140,610,1162,253,286,1613,416,244,119,111,59,0.417,0.885,0.525,2023-24
Fred VanVleet,HOU,Guard,2841.1,73,227,423,1018,197,229,1270,278,589,126,101,59,0.387,0.86,0.416,2023-24
Jarrett Allen,CLE,Center,2840.2,77,0,519,819,233,314,1271,811,210,121,53,81,0.0,0.742,0.634,2023-24
Paul George,LAC,Forward,2826.6,74,243,582,1236,264,291,1671,388,262,153,113,37,0.413,0.907,0.471,2023-24
Zion Williamson,NOP,Forward,2792.2,70,6,624,1094,347,494,1601,406,352,193,76,47,0.333,0.702,0.57,2023-24
James Harden,LAC,Guard,2772.8,72,186,352,822,302,344,1192,369,614,185,77,57,0.381,0.878,0.428,2023-24
Alperen Sengun,HOU,Center,2709.8,63,33,527,982,244,352,1331,589,312,162,76,46,0.297,0.693,0.537,2023-24
Mikal Bridges,BKN,Guard-Forward,2669.9,82,220,564,1294,258,317,1606,372,299,164,81,30,0.372,0.814,0.436,2023-24
Scottie Barnes,TOR,Forward-Guard,2652.3,60,101,447,942,196,251,1191,494,363,165,75,88,0.341,0.781,0.475,2023-24
Jalen Green,HOU,Guard,2645.1,82,201,563,1332,283,352,1610,423,291,191,66,28,0.332,0.804,0.423,2023-24
Jaylen Brown,BOS,Guard-Forward,2641.9,70,145,627,1256,211,300,1610,387,249,166,83,37,0.354,0.703,0.499,2023-24
Kyle Kuzma,WAS,Forward,2619.8,70,151,608,1313,186,240,1553,464,296,192,37,49,0.336,0.775,0.463,2023-24
Coby White,CHI,Guard,2593.1,79,209,541,1209,218,260,1509,358,405,166,53,18,0.376,0.838,0.447,2023-24
Jusuf Nurkić,PHX,Center,2592.9,76,22,320,627,167,261,829,837,301,175,81,80,0.244,0.64,0.51,2023-24
Miles Bridges,CHA,Forward,2557.5,69,157,559,1210,174,211,1449,505,231,138,65,33,0.349,0.825,0.462,2023-24
Jaren Jackson Jr.,MEM,Forward-Center,2553.0,66,117,516,1161,337,417,1486,365,154,160,80,106,0.32,0.808,0.444,2023-24
Myles Turner,IND,Center-Forward,2542.6,77,116,476,909,245,317,1313,533,100,109,39,144,0.358,0.773,0.524,2023-24
Donovan Mitchell,CLE,Guard,2537.5,55,182,503,1089,275,318,1463,280,333,154,101,30,0.368,0.865,0.462,2023-24
D'Angelo Russell,LAL,Guard,2534.2,76,226,492,1080,159,192,1369,236,482,156,69,36,0.415,0.828,0.456,2023-24
Austin Reaves,LAL,Guard,2496.4,82,154,457,940,232,272,1300,352,450,174,66,25,0.367,0.853,0.486,2023-24
Kyrie Irving,DAL,Guard,2483.5,58,173,562,1131,190,210,1487,290,299,106,74,28,0.411,0.905,0.497,2023-24
Franz Wagner,ORL,Forward,2456.7,72,94,528,1096,271,319,1421,381,269,137,76,28,0.281,0.85,0.482,2023-24
Trae Young,ATL,Guard,2456.3,54,175,433,1008,348,407,1389,149,583,235,72,11,0.373,0.855,0.43,2023-24
Cade Cunningham,DET,Guard,2444.6,62,119,524,1167,238,274,1405,268,464,212,56,22,0.355,0.869,0.449,2023-24
Nikola Jokić,DEN,Center,4501.4,70,138,786,1364,361,451,2071,892,716,230,127,45,0.417,0.8,0.576,2024-25
Shai Gilgeous-Alexander,OKC,Guard,4108.8,76,163,860,1656,601,669,2484,379,486,183,131,77,0.375,0.898,0.519,2024-25
Giannis Antetokounmpo,MIL,Forward,3845.1,67,14,793,1319,436,707,2036,798,433,206,58,78,0.222,0.617,0.601,2024-25
James Harden,LAC,Guard,3557.7,79,235,531,1295,505,578,1802,456,687,341,118,55,0.352,0.874,0.41,2024-25
Jayson Tatum,BOS,Forward-Guard,3459.1,72,250,662,1465,358,440,1932,623,431,209,76,38,0.343,0.814,0.452,2024-25
Anthony Edwards,MIN,Guard,3432.5,79,320,721,1612,415,496,2177,450,359,249,91,51,0.395,0.837,0.447,2024-25
Trae Young,ATL,Guard,3398.2,76,218,566,1376,491,561,1841,236,880,355,91,12,0.34,0.875,0.411,2024-25
Karl-Anthony Towns,NYK,Center-Forward,3367.0,72,142,639,1215,339,409,1759,920,222,192,71,50,0.42,0.829,0.526,2024-25
Cade Cunningham,DET,Guard,3360.0,70,149,684,1457,313,370,1830,425,638,309,71,53,0.356,0.846,0.469,2024-25
LeBron James,LAL,Forward,3294.7,70,149,651,1270,259,331,1710,546,575,260,70,39,0.376,0.782,0.513,2024-25
Alperen Sengun,HOU,Center,3193.2,76,21,567,1143,296,428,1451,786,372,194,84,61,0.233,0.692,0.496,2024-25
Ivica Zubac,LAC,Center,3181.0,80,0,592,942,156,236,1340,1010,214,127,55,90,0.0,0.661,0.628,2024-25
Domantas Sabonis,SAC,Forward-Center,3157.9,70,65,527,893,218,289,1337,972,423,202,48,26,0.417,0.754,0.59,2024-25
Devin Booker,PHX,Guard,3111.5,75,183,654,1420,432,483,1923,305,529,220,67,16,0.332,0.894,0.461,2024-25
Bam Adebayo,MIA,Center-Forward,3106.3,78,79,540,1113,251,328,1410,749,337,161,98,53,0.357,0.765,0.485,2024-25
Tyrese Haliburton,IND,Guard,3020.1,73,218,476,1006,189,222,1359,258,673,120,105,49,0.388,0.851,0.473,2024-25
Tyler Herro,MIA,Guard,3014.8,77,251,651,1378,287,327,1840,399,424,198,69,17,0.375,0.878,0.472,2024-25
Josh Hart,NYK,Guard,2894.9,77,84,404,770,159,205,1051,737,453,158,119,27,0.333,0.776,0.525,2024-25
Stephen Curry,GSW,Guard,2851.5,70,311,564,1258,279,299,1718,310,421,200,80,30,0.397,0.933,0.448,2024-25
Pascal Siakam,IND,Forward,2847.5,78,126,613,1182,226,308,1578,540,263,109,70,42,0.389,0.734,0.519,2024-25
Nikola Vučević,CHI,Center,2835.0,73,129,550,1038,120,149,1349,735,256,119,61,52,0.402,0.805,0.53,2024-25
Jaren Jackson Jr.,MEM,Forward-Center,2825.4,74,146,592,1213,311,398,1641,417,148,153,92,113,0.375,0.781,0.488,2024-25
Evan Mobley,CLE,Center,2822.8,71,85,505,906,221,305,1316,659,226,145,61,113,0.37,0.725,0.557,2024-25
Dyson Daniels,ATL,Guard,2808.3,76,80,455,923,83,140,1073,449,333,155,229,55,0.34,0.593,0.493,2024-25
Donovan Mitchell,CLE,Guard,2805.4,71,233,585,1320,298,362,1701,322,354,149,95,17,0.368,0.823,0.443,2024-25
Jalen Williams,OKC,Guard-Forward,2786.3,69,124,565,1168,236,299,1490,369,355,150,111,46,0.365,0.789,0.484,2024-25
DeMar DeRozan,SAC,Guard-Forward,2757.6,77,84,624,1308,378,441,1710,298,342,105,62,32,0.328,0.857,0.477,2024-25
Scottie Barnes,TOR,Forward-Guard,2704.4,65,76,474,1063,228,302,1252,502,378,185,93,63,0.271,0.755,0.446,2024-25
Jalen Green,HOU,Guard,2689.4,82,234,608,1437,273,336,1723,377,282,203,71,27,0.354,0.813,0.423,2024-25
Kevin Durant,PHX,Forward,2681.3,62,160,592,1124,303,361,1647,374,263,190,50,77,0.43,0.839,0.527,2024-25
Darius Garland,CLE,Guard,2676.8,75,212,554,1174,224,255,1544,214,506,189,91,11,0.401,0.878,0.472,2024-25
Jalen Brunson,NYK,Guard,2666.9,65,152,585,1200,368,448,1690,187,475,164,60,8,0.383,0.821,0.488,2024-25
Jarrett Allen,CLE,Center,2650.6,82,0,452,640,199,277,1103,798,158,97,77,73,0.0,0.718,0.706,2024-25
Josh Giddey,CHI,Guard,2640.7,70,105,371,798,175,224,1022,566,503,202,84,45,0.378,0.781,0.465,2024-25
Anthony Davis,DAL,Forward-Center,2634.5,51,35,470,910,286,369,1261,590,181,113,59,110,0.282,0.775,0.516,2024-25
Austin Reaves,LAL,Guard,2633.3,73,200,477,1037,321,366,1475,329,421,177,81,22,0.377,0.877,0.46,2024-25
Luka Dončić,LAL,Forward-Guard,2624.3,50,177,461,1025,309,395,1408,409,383,179,89,21,0.368,0.782,0.45,2024-25
Jamal Murray,DEN,Guard,2587.7,67,156,531,1121,218,246,1436,261,403,138,91,33,0.393,0.886,0.474,2024-25
De'Aaron Fox,SAS,Guard,2578.6,62,118,539,1163,263,318,1459,298,392,174,91,25,0.31,0.827,0.463,2024-25
Zach LaVine,SAC,Guard,2569.0,74,239,625,1223,235,285,1724,315,310,208,58,12,0.446,0.825,0.511,2024-25
Desmond Bane,MEM,Guard,2537.1,69,164,493,1018,177,198,1327,418,369,169,80,28,0.392,0.894,0.484,2024-25
Derrick White,BOS,Guard,2523.7,76,265,424,959,135,161,1248,341,361,131,72,80,0.384,0.839,0.442,2024-25
Victor Wembanyama,SAS,Forward-Center,2510.2,46,142,408,857,158,189,1116,506,168,149,52,176,0.352,0.836,0.476,2024-25
Jalen Duren,DET,Center,2492.9,78,0,378,546,162,242,918,807,209,136,54,89,0.0,0.669,0.692,2024-25
Damian Lillard,MIL,Guard,2466.4,58,197,444,992,362,393,1447,272,410,162,70,10,0.376,0.921,0.448,2024-25
Amen Thompson,HOU,Guard-Forward,2464.3,69,25,388,697,169,247,970,564,265,138,97,89,0.275,0.684,0.557,2024-25
Michael Porter Jr.,DEN,Forward,2453.5,77,193,528,1048,149,194,1398,540,165,104,50,38,0.395,0.768,0.504,2024-25
Mikal Bridges,NYK,Guard-Forward,2435.8,82,164,592,1183,96,118,1444,259,306,132,75,43,0.354,0.814,0.5,2024-25
Franz Wagner,ORL,Forward,2435.4,60,104,537,1161,271,311,1449,342,284,138,75,21,0.295,0.871,0.463,2024-25
OG Anunoby,NYK,Forward-Guard,2430.6,74,171,489,1027,183,226,1332,358,164,102,110,65,0.372,0.81,0.476,2024-25
